"Test Case Name","Test Step","Expected Result","Priority","Description"
"Login com dados válidos","Inserir email cadastrado e senha correta nos campos de login","Usuário deve ser autenticado e redirecionado para tela principal","Alta","Fluxo principal de autenticação com credenciais válidas"
"Login com credenciais inválidas","Inserir email ou senha incorretos","Sistema deve exibir mensagem de erro e não permitir acesso","Alta","Validação de segurança para credenciais inválidas"
"Login com campos obrigatórios vazios","Deixar campos email ou senha em branco e tentar fazer login","Sistema deve exibir mensagem indicando campos obrigatórios","Alta","Validação de campos obrigatórios no formulário de login"
"Verificar mensagens de erro no login","Tentar login com dados inválidos","Mensagem de erro deve ser clara e visível ao usuário","Média","Usabilidade - feedback adequado para o usuário"
"Redirecionamento após login válido","Realizar login com sucesso","Usuário deve ser redirecionado automaticamente para página principal","Média","Fluxo de navegação após autenticação bem-sucedida"
"Cadastro com dados válidos","Preencher nome, email válido e senha com mínimo 6 caracteres","Cadastro deve ser realizado e exibir mensagem de sucesso","Alta","Fluxo principal de cadastro de novo usuário"
"Verificar email já utilizado","Tentar cadastro com email já existente no sistema","Sistema deve rejeitar e exibir mensagem de email já cadastrado","Alta","Validação de unicidade de email no sistema"
"Validar formato de email","Inserir email em formato inválido no cadastro","Sistema deve rejeitar e solicitar formato válido de email","Média","Validação de formato correto de email"
"Senha com menos de 6 caracteres","Tentar cadastro com senha menor que 6 caracteres","Sistema deve rejeitar e informar requisito mínimo de senha","Alta","Validação de critério de segurança da senha"
"Mensagem de cadastro realizado","Completar cadastro com dados válidos","Deve exibir mensagem Cadastro Realizado com sucesso","Média","Confirmação visual para o usuário sobre sucesso da operação"
"Redirecionamento após cadastro","Finalizar cadastro com sucesso","Usuário deve ser redirecionado automaticamente para tela de login","Média","Fluxo de navegação após cadastro bem-sucedido"
"Botões responsivos na interface","Clicar nos botões de Login e Cadastrar","Botões devem responder adequadamente aos cliques","Média","Teste de interface - responsividade dos elementos"
"Mensagens visíveis na tela","Verificar exibição de mensagens de erro e sucesso","Mensagens devem estar claramente visíveis e legíveis","Baixa","Teste de interface - visibilidade das mensagens"
"Responsividade mobile e desktop","Acessar aplicação em dispositivos mobile e desktop","Interface deve se adaptar corretamente aos diferentes tamanhos","Baixa","Teste de compatibilidade - responsividade"
"Renderização de componentes","Verificar se todos elementos do formulário são exibidos","Todos campos e botões devem renderizar corretamente","Baixa","Teste de interface - renderização do frontend"
"Autocomplete dos inputs","Verificar funcionamento do autocomplete nos campos","Navegador deve sugerir preenchimento automático quando apropriado","Baixa","Teste de usabilidade - funcionalidade de autocomplete"
"Compreensão das mensagens","Avaliar se mensagens são claras para o usuário","Usuário deve entender facilmente o significado das mensagens","Baixa","Teste de usabilidade - clareza da comunicação"
"Identificar elementos confusos","Verificar se interface causa confusão ao usuário","Interface deve ser intuitiva sem elementos que gerem dúvidas","Baixa","Teste de usabilidade - intuitividade da interface"
"Proteção de dados sensíveis","Verificar se senha é mascarada no frontend","Dados sensíveis não devem ser expostos na interface","Alta","Teste de segurança - proteção de informações sensíveis"
"Prevenção de escalação de privilégio","Tentar que usuário comum se torne administrador","Sistema deve impedir alteração não autorizada de privilégios","Alta","Teste de segurança - controle de acesso e autorização"
"Conformidade com LGPD","Verificar tratamento adequado de dados pessoais","Sistema deve cumprir requisitos de proteção de dados","Média","Teste de segurança - conformidade legal"
"Compatibilidade Chrome","Testar funcionalidades no navegador Chrome","Todas funcionalidades devem operar corretamente","Baixa","Teste de compatibilidade - navegador Chrome"
"Compatibilidade Firefox","Testar funcionalidades no navegador Firefox","Todas funcionalidades devem operar corretamente","Baixa","Teste de compatibilidade - navegador Firefox"
"Compatibilidade Edge","Testar funcionalidades no navegador Edge","Todas funcionalidades devem operar corretamente","Baixa","Teste de compatibilidade - navegador Edge"
"Compatibilidade Safari","Testar funcionalidades no navegador Safari","Todas funcionalidades devem operar corretamente","Baixa","Teste de compatibilidade - navegador Safari"
"Tempo de carregamento do login","Medir tempo de resposta ao clicar em Entrar","Tempo de resposta deve ser aceitável (menos de 3 segundos)","Média","Teste de performance - tempo de carregamento"
"Tempo de carregamento do cadastro","Medir tempo de resposta ao clicar em Cadastrar","Tempo de resposta deve ser aceitável (menos de 3 segundos)","Média","Teste de performance - tempo de carregamento"
"Tempo de redirecionamento","Medir tempo para chegar à tela principal após login","Redirecionamento deve ocorrer em tempo hábil","Baixa","Teste de performance - fluidez da navegação"
"Feedback de digitação","Verificar responsividade ao digitar nos campos","Sistema deve responder imediatamente à entrada do usuário","Baixa","Teste de performance - responsividade da interface"
"Performance em conexão WiFi","Testar aplicação com conexão WiFi","Aplicação deve funcionar adequadamente em WiFi","Baixa","Teste de performance - conectividade WiFi"
"Performance em conexão 4G","Testar aplicação com conexão móvel 4G","Aplicação deve funcionar adequadamente em 4G","Baixa","Teste de performance - conectividade móvel"